protocolType	typeId	subsystemId	controllable	widget	type	uiClass	localPairing
1	4504699139129346	0	io:RollerShutterGenericIOComponent	PositionableRollerShutter	1	RollerShutter	1
1	4505798650757122	0	io:RollerShutterGenericIOComponent	PositionableRollerShutter	1	RollerShutter	1
1	4506898162384898	0	io:RollerShutterGenericIOComponent	PositionableRollerShutter	1	RollerShutter	1
1	4507997674012674	0	io:RollerShutterGenericIOComponent	PositionableRollerShutter	1	RollerShutter	1
1	4509097185640450	0	io:RollerShutterGenericIOComponent	PositionableRollerShutter	1	RollerShutter	1
1	4504699139194882	0	io:VerticalExteriorAwningIOComponent	PositionableScreen	1	ExteriorScreen	1
1	4505798650822658	0	io:VerticalExteriorAwningIOComponent	PositionableScreen	1	ExteriorScreen	1
1	4506898162450434	0	io:VerticalExteriorAwningIOComponent	PositionableScreen	1	ExteriorScreen	1
1	4507997674078210	0	io:VerticalExteriorAwningIOComponent	PositionableScreen	1	ExteriorScreen	1
1	4509097185705986	0	io:VerticalExteriorAwningIOComponent	PositionableScreen	1	ExteriorScreen	1
1	4510196697333762	0	io:VerticalExteriorAwningIOComponent	PositionableScreen	1	ExteriorScreen	1
1	4510196697268226	0	io:RollerShutterGenericIOComponent	PositionableRollerShutter	1	RollerShutter	1
1	4511296208896002	0	io:RollerShutterGenericIOComponent	PositionableRollerShutter	1	RollerShutter	1
1	4512395720523778	0	io:RollerShutterGenericIOComponent	PositionableRollerShutter	1	RollerShutter	1
1	4513495232151554	0	io:RollerShutterGenericIOComponent	PositionableRollerShutter	1	RollerShutter	1
1	4514594743779330	0	io:RollerShutterGenericIOComponent	PositionableRollerShutter	1	RollerShutter	1
1	4515694255407106	0	io:RollerShutterGenericIOComponent	PositionableRollerShutter	1	RollerShutter	1
1	4516793767034882	0	io:RollerShutterGenericIOComponent	PositionableRollerShutter	1	RollerShutter	1
1	4517893278662658	0	io:RollerShutterGenericIOComponent	PositionableRollerShutter	1	RollerShutter	1
1	4518992790290434	0	io:RollerShutterGenericIOComponent	PositionableRollerShutter	1	RollerShutter	1
1	4520092301918210	0	io:RollerShutterGenericIOComponent	PositionableRollerShutter	1	RollerShutter	1
1	4521191813545986	0	io:RollerShutterGenericIOComponent	PositionableRollerShutter	1	RollerShutter	1
1	4522291325173762	0	io:RollerShutterGenericIOComponent	PositionableRollerShutter	1	RollerShutter	1
1	4523390836801538	0	io:RollerShutterGenericIOComponent	PositionableRollerShutter	1	RollerShutter	1
1	4524490348429314	0	io:RollerShutterGenericIOComponent	PositionableRollerShutter	1	RollerShutter	1
1	4525589860057090	0	io:RollerShutterGenericIOComponent	PositionableRollerShutter	1	RollerShutter	1
1	4526689371684866	0	io:RollerShutterGenericIOComponent	PositionableRollerShutter	1	RollerShutter	1
1	4527788883312642	0	io:RollerShutterGenericIOComponent	PositionableRollerShutter	1	RollerShutter	1
1	4528888394940418	0	io:RollerShutterGenericIOComponent	PositionableRollerShutter	1	RollerShutter	1
1	4529987906568194	0	io:RollerShutterGenericIOComponent	PositionableRollerShutter	1	RollerShutter	1
1	4531087418195970	0	io:RollerShutterGenericIOComponent	PositionableRollerShutter	1	RollerShutter	1
1	4532186929823746	0	io:RollerShutterGenericIOComponent	PositionableRollerShutter	1	RollerShutter	1
1	4533286441451522	0	io:RollerShutterGenericIOComponent	PositionableRollerShutter	1	RollerShutter	1
1	4534385953079298	0	io:RollerShutterGenericIOComponent	PositionableRollerShutter	1	RollerShutter	1
1	4535485464707074	0	io:RollerShutterGenericIOComponent	PositionableRollerShutter	1	RollerShutter	1
1	4536584976334850	0	io:RollerShutterGenericIOComponent	PositionableRollerShutter	1	RollerShutter	1
1	4537684487962626	0	io:RollerShutterGenericIOComponent	PositionableRollerShutter	1	RollerShutter	1
1	4538783999590402	0	io:RollerShutterGenericIOComponent	PositionableRollerShutter	1	RollerShutter	1
1	4539883511218178	0	io:RollerShutterGenericIOComponent	PositionableRollerShutter	1	RollerShutter	1
1	4540983022845954	0	io:RollerShutterGenericIOComponent	PositionableRollerShutter	1	RollerShutter	1
1	4542082534473730	0	io:RollerShutterGenericIOComponent	PositionableRollerShutter	1	RollerShutter	1
1	4543182046101506	0	io:RollerShutterWithLowSpeedManagementIOComponent	PositionableRollerShutterWithLowSpeedManagement	1	RollerShutter	1
1	4544281557729282	0	io:RollerShutterWithLowSpeedManagementIOComponent	PositionableRollerShutterWithLowSpeedManagement	1	RollerShutter	1
1	4545381069357058	0	io:RollerShutterWithLowSpeedManagementIOComponent	PositionableRollerShutterWithLowSpeedManagement	1	RollerShutter	1
1	4546480580984834	0	io:RollerShutterWithLowSpeedManagementIOComponent	PositionableRollerShutterWithLowSpeedManagement	1	RollerShutter	1
1	4547580092612610	0	io:RollerShutterWithLowSpeedManagementIOComponent	PositionableRollerShutterWithLowSpeedManagement	1	RollerShutter	1
1	4548679604240386	0	io:RollerShutterWithLowSpeedManagementIOComponent	PositionableRollerShutterWithLowSpeedManagement	1	RollerShutter	1
1	4549779115868162	0	io:RollerShutterWithLowSpeedManagementIOComponent	PositionableRollerShutterWithLowSpeedManagement	1	RollerShutter	1
1	4550878627495938	0	io:RollerShutterWithLowSpeedManagementIOComponent	PositionableRollerShutterWithLowSpeedManagement	1	RollerShutter	1
1	4551978139123714	0	io:RollerShutterWithLowSpeedManagementIOComponent	PositionableRollerShutterWithLowSpeedManagement	1	RollerShutter	1
1	4553077650751490	0	io:RollerShutterWithLowSpeedManagementIOComponent	PositionableRollerShutterWithLowSpeedManagement	1	RollerShutter	1
1	4554177162379266	0	io:RollerShutterWithLowSpeedManagementIOComponent	PositionableRollerShutterWithLowSpeedManagement	1	RollerShutter	1
1	4555276674007042	0	io:RollerShutterWithLowSpeedManagementIOComponent	PositionableRollerShutterWithLowSpeedManagement	1	RollerShutter	1
1	4556376185634818	0	io:RollerShutterWithLowSpeedManagementIOComponent	PositionableRollerShutterWithLowSpeedManagement	1	RollerShutter	1
1	4557475697262594	0	io:RollerShutterWithLowSpeedManagementIOComponent	PositionableRollerShutterWithLowSpeedManagement	1	RollerShutter	1
1	4558575208890370	0	io:RollerShutterWithLowSpeedManagementIOComponent	PositionableRollerShutterWithLowSpeedManagement	1	RollerShutter	1
1	4559674720518146	0	io:RollerShutterWithLowSpeedManagementIOComponent	PositionableRollerShutterWithLowSpeedManagement	1	RollerShutter	1
1	4560774232145922	0	io:RollerShutterWithLowSpeedManagementIOComponent	PositionableRollerShutterWithLowSpeedManagement	1	RollerShutter	1
1	4561873743773698	0	io:RollerShutterWithLowSpeedManagementIOComponent	PositionableRollerShutterWithLowSpeedManagement	1	RollerShutter	1
1	4562973255401474	0	io:RollerShutterWithLowSpeedManagementIOComponent	PositionableRollerShutterWithLowSpeedManagement	1	RollerShutter	1
1	4564072767029250	0	io:RollerShutterWithLowSpeedManagementIOComponent	PositionableRollerShutterWithLowSpeedManagement	1	RollerShutter	1
1	4565172278657026	0	io:RollerShutterWithLowSpeedManagementIOComponent	PositionableRollerShutterWithLowSpeedManagement	1	RollerShutter	1
1	4566271790284802	0	io:RollerShutterWithLowSpeedManagementIOComponent	PositionableRollerShutterWithLowSpeedManagement	1	RollerShutter	1
1	4567371301912578	0	io:RollerShutterWithLowSpeedManagementIOComponent	PositionableRollerShutterWithLowSpeedManagement	1	RollerShutter	1
1	4568470813540354	0	io:RollerShutterWithLowSpeedManagementIOComponent	PositionableRollerShutterWithLowSpeedManagement	1	RollerShutter	1
1	4569570325168130	0	io:RollerShutterWithLowSpeedManagementIOComponent	PositionableRollerShutterWithLowSpeedManagement	1	RollerShutter	1
1	4570669836795906	0	io:RollerShutterWithLowSpeedManagementIOComponent	PositionableRollerShutterWithLowSpeedManagement	1	RollerShutter	1
1	4571769348423682	0	io:RollerShutterWithLowSpeedManagementIOComponent	PositionableRollerShutterWithLowSpeedManagement	1	RollerShutter	1
1	4572868860051458	0	io:RollerShutterWithLowSpeedManagementIOComponent	PositionableRollerShutterWithLowSpeedManagement	1	RollerShutter	1
1	4573968371679234	0	io:RollerShutterWithLowSpeedManagementIOComponent	PositionableRollerShutterWithLowSpeedManagement	1	RollerShutter	1
1	4575067883307010	0	io:RollerShutterWithLowSpeedManagementIOComponent	PositionableRollerShutterWithLowSpeedManagement	1	RollerShutter	1
1	4576167394934786	0	io:RollerShutterWithLowSpeedManagementIOComponent	PositionableRollerShutterWithLowSpeedManagement	1	RollerShutter	1
1	4577266906562562	0	io:RollerShutterWithLowSpeedManagementIOComponent	PositionableRollerShutterWithLowSpeedManagement	1	RollerShutter	1
1	4578366418190338	0	io:RollerShutterWithLowSpeedManagementIOComponent	PositionableRollerShutterWithLowSpeedManagement	1	RollerShutter	1
1	4579465929818114	0	io:RollerShutterWithLowSpeedManagementIOComponent	PositionableRollerShutterWithLowSpeedManagement	1	RollerShutter	1
1	4580565441445890	0	io:RollerShutterWithLowSpeedManagementIOComponent	PositionableRollerShutterWithLowSpeedManagement	1	RollerShutter	1
1	4581664953073666	0	io:RollerShutterWithLowSpeedManagementIOComponent	PositionableRollerShutterWithLowSpeedManagement	1	RollerShutter	1
1	4582764464701442	0	io:RollerShutterWithLowSpeedManagementIOComponent	PositionableRollerShutterWithLowSpeedManagement	1	RollerShutter	1
1	4583863976329218	0	io:RollerShutterWithLowSpeedManagementIOComponent	PositionableRollerShutterWithLowSpeedManagement	1	RollerShutter	1
1	4584963487956994	0	io:RollerShutterWithLowSpeedManagementIOComponent	PositionableRollerShutterWithLowSpeedManagement	1	RollerShutter	1
1	4586062999584770	0	io:RollerShutterWithLowSpeedManagementIOComponent	PositionableRollerShutterWithLowSpeedManagement	1	RollerShutter	1
1	4587162511212546	0	io:RollerShutterWithLowSpeedManagementIOComponent	PositionableRollerShutterWithLowSpeedManagement	1	RollerShutter	1
1	4588262022840322	0	io:RollerShutterWithLowSpeedManagementIOComponent	PositionableRollerShutterWithLowSpeedManagement	1	RollerShutter	1
1	4589361534468098	0	io:RollerShutterWithLowSpeedManagementIOComponent	PositionableRollerShutterWithLowSpeedManagement	1	RollerShutter	1
1	4590461046095874	0	io:RollerShutterWithLowSpeedManagementIOComponent	PositionableRollerShutterWithLowSpeedManagement	1	RollerShutter	1
1	4591560557723650	0	io:RollerShutterWithLowSpeedManagementIOComponent	PositionableRollerShutterWithLowSpeedManagement	1	RollerShutter	1
1	4592660069351426	0	io:RollerShutterWithLowSpeedManagementIOComponent	PositionableRollerShutterWithLowSpeedManagement	1	RollerShutter	1
1	4593759580979202	0	io:RollerShutterWithLowSpeedManagementIOComponent	PositionableRollerShutterWithLowSpeedManagement	1	RollerShutter	1
1	4594859092606978	0	io:RollerShutterWithLowSpeedManagementIOComponent	PositionableRollerShutterWithLowSpeedManagement	1	RollerShutter	1
1	4595958604234754	0	io:RollerShutterWithLowSpeedManagementIOComponent	PositionableRollerShutterWithLowSpeedManagement	1	RollerShutter	1
1	4597058115862530	0	io:RollerShutterWithLowSpeedManagementIOComponent	PositionableRollerShutterWithLowSpeedManagement	1	RollerShutter	1
1	4598157627490306	0	io:RollerShutterWithLowSpeedManagementIOComponent	PositionableRollerShutterWithLowSpeedManagement	1	RollerShutter	1
1	4599257139118082	0	io:RollerShutterWithLowSpeedManagementIOComponent	PositionableRollerShutterWithLowSpeedManagement	1	RollerShutter	1
1	4600356650745858	0	io:RollerShutterWithLowSpeedManagementIOComponent	PositionableRollerShutterWithLowSpeedManagement	1	RollerShutter	1
1	4601456162373634	0	io:RollerShutterWithLowSpeedManagementIOComponent	PositionableRollerShutterWithLowSpeedManagement	1	RollerShutter	1
1	4602555674001410	0	io:RollerShutterWithLowSpeedManagementIOComponent	PositionableRollerShutterWithLowSpeedManagement	1	RollerShutter	1
1	4603655185629186	0	io:RollerShutterWithLowSpeedManagementIOComponent	PositionableRollerShutterWithLowSpeedManagement	1	RollerShutter	1
1	4604754697256962	0	io:RollerShutterWithLowSpeedManagementIOComponent	PositionableRollerShutterWithLowSpeedManagement	1	RollerShutter	1
1	4605854208884738	0	io:RollerShutterWithLowSpeedManagementIOComponent	PositionableRollerShutterWithLowSpeedManagement	1	RollerShutter	1
1	4606953720512514	0	io:RollerShutterWithLowSpeedManagementIOComponent	PositionableRollerShutterWithLowSpeedManagement	1	RollerShutter	1
1	4608053232140290	0	io:RollerShutterWithLowSpeedManagementIOComponent	PositionableRollerShutterWithLowSpeedManagement	1	RollerShutter	1
1	4609152743768066	0	io:RollerShutterWithLowSpeedManagementIOComponent	PositionableRollerShutterWithLowSpeedManagement	1	RollerShutter	1
1	4610252255395842	0	io:RollerShutterWithLowSpeedManagementIOComponent	PositionableRollerShutterWithLowSpeedManagement	1	RollerShutter	1
1	4611351767023618	0	io:RollerShutterWithLowSpeedManagementIOComponent	PositionableRollerShutterWithLowSpeedManagement	1	RollerShutter	1
1	4612451278651394	0	io:RollerShutterWithLowSpeedManagementIOComponent	PositionableRollerShutterWithLowSpeedManagement	1	RollerShutter	1
1	4613550790279170	0	io:RollerShutterWithLowSpeedManagementIOComponent	PositionableRollerShutterWithLowSpeedManagement	1	RollerShutter	1
1	4614650301906946	0	io:RollerShutterWithLowSpeedManagementIOComponent	PositionableRollerShutterWithLowSpeedManagement	1	RollerShutter	1
1	4615749813534722	0	io:RollerShutterWithLowSpeedManagementIOComponent	PositionableRollerShutterWithLowSpeedManagement	1	RollerShutter	1
1	4616849325162498	0	io:RollerShutterWithLowSpeedManagementIOComponent	PositionableRollerShutterWithLowSpeedManagement	1	RollerShutter	1
1	4617948836790274	0	io:RollerShutterWithLowSpeedManagementIOComponent	PositionableRollerShutterWithLowSpeedManagement	1	RollerShutter	1
1	4619048348418050	0	io:RollerShutterWithLowSpeedManagementIOComponent	PositionableRollerShutterWithLowSpeedManagement	1	RollerShutter	1
1	4620147860045826	0	io:RollerShutterWithLowSpeedManagementIOComponent	PositionableRollerShutterWithLowSpeedManagement	1	RollerShutter	1
1	4621247371673602	0	io:RollerShutterWithLowSpeedManagementIOComponent	PositionableRollerShutterWithLowSpeedManagement	1	RollerShutter	1
1	4622346883301378	0	io:RollerShutterWithLowSpeedManagementIOComponent	PositionableRollerShutterWithLowSpeedManagement	1	RollerShutter	1
1	4623446394929154	0	io:RollerShutterWithLowSpeedManagementIOComponent	PositionableRollerShutterWithLowSpeedManagement	1	RollerShutter	1
1	4624545906556930	0	io:RollerShutterWithLowSpeedManagementIOComponent	PositionableRollerShutterWithLowSpeedManagement	1	RollerShutter	1
1	4625645418184706	0	io:RollerShutterWithLowSpeedManagementIOComponent	PositionableRollerShutterWithLowSpeedManagement	1	RollerShutter	1
1	4626744929812482	0	io:RollerShutterWithLowSpeedManagementIOComponent	PositionableRollerShutterWithLowSpeedManagement	1	RollerShutter	1
1	4627844441440258	0	io:RollerShutterWithLowSpeedManagementIOComponent	PositionableRollerShutterWithLowSpeedManagement	1	RollerShutter	1
1	4628943953068034	0	io:RollerShutterWithLowSpeedManagementIOComponent	PositionableRollerShutterWithLowSpeedManagement	1	RollerShutter	1
1	4630043464695810	0	io:RollerShutterWithLowSpeedManagementIOComponent	PositionableRollerShutterWithLowSpeedManagement	1	RollerShutter	1
1	4631142976323586	0	io:RollerShutterWithLowSpeedManagementIOComponent	PositionableRollerShutterWithLowSpeedManagement	1	RollerShutter	1
1	4632242487951362	0	io:RollerShutterWithLowSpeedManagementIOComponent	PositionableRollerShutterWithLowSpeedManagement	1	RollerShutter	1
1	4633341999579138	0	io:RollerShutterWithLowSpeedManagementIOComponent	PositionableRollerShutterWithLowSpeedManagement	1	RollerShutter	1
1	4634441511206914	0	io:RollerShutterWithLowSpeedManagementIOComponent	PositionableRollerShutterWithLowSpeedManagement	1	RollerShutter	1
1	4635541022834690	0	io:RollerShutterWithLowSpeedManagementIOComponent	PositionableRollerShutterWithLowSpeedManagement	1	RollerShutter	1
1	4636640534462466	0	io:RollerShutterWithLowSpeedManagementIOComponent	PositionableRollerShutterWithLowSpeedManagement	1	RollerShutter	1
1	4637740046090242	0	io:RollerShutterWithLowSpeedManagementIOComponent	PositionableRollerShutterWithLowSpeedManagement	1	RollerShutter	1
1	4638839557718018	0	io:RollerShutterWithLowSpeedManagementIOComponent	PositionableRollerShutterWithLowSpeedManagement	1	RollerShutter	1
1	4639939069345794	0	io:RollerShutterWithLowSpeedManagementIOComponent	PositionableRollerShutterWithLowSpeedManagement	1	RollerShutter	1
1	4641038580973570	0	io:RollerShutterWithLowSpeedManagementIOComponent	PositionableRollerShutterWithLowSpeedManagement	1	RollerShutter	1
1	4642138092601346	0	io:RollerShutterWithLowSpeedManagementIOComponent	PositionableRollerShutterWithLowSpeedManagement	1	RollerShutter	1
1	4643237604229122	0	io:RollerShutterWithLowSpeedManagementIOComponent	PositionableRollerShutterWithLowSpeedManagement	1	RollerShutter	1
1	4644337115856898	0	io:RollerShutterWithLowSpeedManagementIOComponent	PositionableRollerShutterWithLowSpeedManagement	1	RollerShutter	1
1	4645436627484674	0	io:RollerShutterWithLowSpeedManagementIOComponent	PositionableRollerShutterWithLowSpeedManagement	1	RollerShutter	1
1	4646536139112450	0	io:RollerShutterWithLowSpeedManagementIOComponent	PositionableRollerShutterWithLowSpeedManagement	1	RollerShutter	1
1	4647635650740226	0	io:RollerShutterWithLowSpeedManagementIOComponent	PositionableRollerShutterWithLowSpeedManagement	1	RollerShutter	1
1	4648735162368002	0	io:RollerShutterWithLowSpeedManagementIOComponent	PositionableRollerShutterWithLowSpeedManagement	1	RollerShutter	1
1	4649834673995778	0	io:RollerShutterWithLowSpeedManagementIOComponent	PositionableRollerShutterWithLowSpeedManagement	1	RollerShutter	1
1	4650934185623554	0	io:RollerShutterWithLowSpeedManagementIOComponent	PositionableRollerShutterWithLowSpeedManagement	1	RollerShutter	1
1	4652033697251330	0	io:RollerShutterWithLowSpeedManagementIOComponent	PositionableRollerShutterWithLowSpeedManagement	1	RollerShutter	1
1	4653133208879106	0	io:RollerShutterWithLowSpeedManagementIOComponent	PositionableRollerShutterWithLowSpeedManagement	1	RollerShutter	1
1	4654232720506882	0	io:RollerShutterWithLowSpeedManagementIOComponent	PositionableRollerShutterWithLowSpeedManagement	1	RollerShutter	1
1	4655332232134658	0	io:RollerShutterWithLowSpeedManagementIOComponent	PositionableRollerShutterWithLowSpeedManagement	1	RollerShutter	1
1	4656431743762434	0	io:RollerShutterWithLowSpeedManagementIOComponent	PositionableRollerShutterWithLowSpeedManagement	1	RollerShutter	1
1	4657531255390210	0	io:RollerShutterWithLowSpeedManagementIOComponent	PositionableRollerShutterWithLowSpeedManagement	1	RollerShutter	1
1	4658630767017986	0	io:RollerShutterWithLowSpeedManagementIOComponent	PositionableRollerShutterWithLowSpeedManagement	1	RollerShutter	1
1	4659730278645762	0	io:RollerShutterWithLowSpeedManagementIOComponent	PositionableRollerShutterWithLowSpeedManagement	1	RollerShutter	1
1	4660829790273538	0	io:RollerShutterWithLowSpeedManagementIOComponent	PositionableRollerShutterWithLowSpeedManagement	1	RollerShutter	1
1	4661929301901314	0	io:RollerShutterGenericIOComponent	PositionableRollerShutter	1	RollerShutter	1
1	4663028813529090	0	io:RollerShutterGenericIOComponent	PositionableRollerShutter	1	RollerShutter	1
1	4664128325156866	0	io:RollerShutterGenericIOComponent	PositionableRollerShutter	1	RollerShutter	1
1	4511296208961538	0	io:VerticalExteriorAwningIOComponent	PositionableScreen	1	ExteriorScreen	1
1	4504699140046850	0	io:HorizontalAwningIOComponent	PositionableHorizontalAwning	1	Awning	1
1	4512395720589314	0	io:VerticalExteriorAwningIOComponent	PositionableScreen	1	ExteriorScreen	1
1	4505798651674626	0	io:HorizontalAwningIOComponent	PositionableHorizontalAwning	1	Awning	1
1	4513495232217090	0	io:VerticalExteriorAwningIOComponent	PositionableScreen	1	ExteriorScreen	1
1	4506898163302402	0	io:HorizontalAwningIOComponent	PositionableHorizontalAwning	1	Awning	1
1	4507997674930178	0	io:HorizontalAwningIOComponent	PositionableHorizontalAwning	1	Awning	1
1	4514594743844866	0	io:VerticalExteriorAwningIOComponent	PositionableScreen	1	ExteriorScreen	1
1	4509097186557954	0	io:HorizontalAwningIOComponent	PositionableHorizontalAwning	1	Awning	1
1	4515694255472642	0	io:VerticalExteriorAwningIOComponent	PositionableScreen	1	ExteriorScreen	1
1	4510196698185730	0	io:HorizontalAwningIOComponent	PositionableHorizontalAwning	1	Awning	1
1	4511296209813506	0	io:HorizontalAwningIOComponent	PositionableHorizontalAwning	1	Awning	1
1	4516793767100418	0	io:VerticalExteriorAwningIOComponent	PositionableScreen	1	ExteriorScreen	1
1	4512395721441282	0	io:HorizontalAwningIOComponent	PositionableHorizontalAwning	1	Awning	1
1	4517893278728194	0	io:VerticalExteriorAwningIOComponent	PositionableScreen	1	ExteriorScreen	1
1	4513495233069058	0	io:HorizontalAwningIOComponent	PositionableHorizontalAwning	1	Awning	1
1	4518992790355970	0	io:VerticalExteriorAwningIOComponent	PositionableScreen	1	ExteriorScreen	1
1	4514594744696834	0	io:HorizontalAwningIOComponent	PositionableHorizontalAwning	1	Awning	1
1	4515694256324610	0	io:HorizontalAwningIOComponent	PositionableHorizontalAwning	1	Awning	1
1	4516793767952386	0	io:HorizontalAwningIOComponent	PositionableHorizontalAwning	1	Awning	1
1	4517893279580162	0	io:HorizontalAwningIOComponent	PositionableHorizontalAwning	1	Awning	1
1	4520092301983746	0	io:VerticalExteriorAwningIOComponent	PositionableScreen	1	ExteriorScreen	1
1	4518992791207938	0	io:HorizontalAwningIOComponent	PositionableHorizontalAwning	1	Awning	1
1	4521191813611522	0	io:VerticalExteriorAwningIOComponent	PositionableScreen	1	ExteriorScreen	1
1	4520092302835714	0	io:HorizontalAwningIOComponent	PositionableHorizontalAwning	1	Awning	1
1	4522291325239298	0	io:VerticalExteriorAwningIOComponent	PositionableScreen	1	ExteriorScreen	1
1	4521191814463490	0	io:HorizontalAwningIOComponent	PositionableHorizontalAwning	1	Awning	1
1	4523390836867074	0	io:VerticalExteriorAwningIOComponent	PositionableScreen	1	ExteriorScreen	1
1	4522291326091266	0	io:HorizontalAwningIOComponent	PositionableHorizontalAwning	1	Awning	1
1	4524490348494850	0	io:VerticalExteriorAwningIOComponent	PositionableScreen	1	ExteriorScreen	1
1	4523390837719042	0	io:HorizontalAwningIOComponent	PositionableHorizontalAwning	1	Awning	1
1	4525589860122626	0	io:VerticalExteriorAwningIOComponent	PositionableScreen	1	ExteriorScreen	1
1	4524490349346818	0	io:HorizontalAwningIOComponent	PositionableHorizontalAwning	1	Awning	1
1	4526689371750402	0	io:VerticalExteriorAwningIOComponent	PositionableScreen	1	ExteriorScreen	1
1	4525589860974594	0	io:HorizontalAwningIOComponent	PositionableHorizontalAwning	1	Awning	1
1	4527788883378178	0	io:VerticalExteriorAwningIOComponent	PositionableScreen	1	ExteriorScreen	1
1	4526689372602370	0	io:HorizontalAwningIOComponent	PositionableHorizontalAwning	1	Awning	1
1	0	0	io:UnknownIOComponent	IOGeneric	1	Generic	1
1	267	1	io:KizOThermIOComponent	KizOThermBridge	1	HeatingSystem	0
1	267	2	io:KizOThermRoomTemperatureSensor	TemperatureSensor	2	TemperatureSensor	0
1	267	3	io:KizOThermBoilerTemperatureSensor	TemperatureSensor	2	TemperatureSensor	0
1	267	4	io:KizOThermDHWTemperatureSensor	TemperatureSensor	2	TemperatureSensor	0
1	267	5	io:KizOThermOutsideTemperatureSensor	TemperatureSensor	2	TemperatureSensor	0
1	65536	0	io:VenetianBlindIOComponent	PositionableVenetianBlind	1	VenetianBlind	1
1	131072	0	io:RollerShutterGenericIOComponent	PositionableRollerShutter	1	RollerShutter	1
1	131073	0	io:RollerShutterVeluxIOComponent	PositionableTiltedRollerShutter	1	RollerShutter	1
1	131074	0	io:RollerShutterGenericIOComponent	PositionableRollerShutter	1	RollerShutter	1
1	131328	0	io:AdjustableSlatsRollerShutterIOComponent	PositionableOrOrientableRollerShutter	1	AdjustableSlatsRollerShutter	1
1	131330	0	io:AdjustableSlatsRollerShutterIOComponent	PositionableOrOrientableRollerShutter	1	AdjustableSlatsRollerShutter	1
1	131584	0	io:ProjectionRollerShutterIOComponent	PositionableProjectionRollerShutter	1	RollerShutter	1
1	196608	0	io:VerticalExteriorAwningIOComponent	PositionableScreen	1	ExteriorScreen	1
1	196609	0	io:VerticalExteriorAwningVeluxIOComponent	PositionableScreen	1	ExteriorScreen	1
1	196610	0	io:VerticalExteriorAwningIOComponent	PositionableScreen	1	ExteriorScreen	1
1	262144	0	io:WindowOpenerGenericIOComponent	PositionableWindow	1	Window	1
1	262145	0	io:WindowOpenerVeluxIOComponent	PositionableTiltedWindow	1	Window	1
1	262401	0	io:WindowOpenerVeluxIOComponent	PositionableTiltedWindow	1	Window	1
1	327680	0	io:GarageOpenerIOComponent	PositionableGarageDoor	1	GarageDoor	1
1	327682	0	io:GarageOpenerIOComponent	PositionableGarageDoor	1	GarageDoor	1
1	342528	0	io:DiscreteGarageOpenerIOComponent	DiscretePositionableGarageDoor	1	GarageDoor	1
1	342530	0	io:DiscreteGarageOpenerIOComponent	DiscretePositionableGarageDoor	1	GarageDoor	1
1	393216	0	io:DimmableLightIOComponent	DimmerLight	1	Light	1
1	393218	0	io:DimmableLightIOComponent	DimmerLight	1	Light	1
1	393471	0	io:SwimmingPoolIOComponent	SwimmingPool	1	SwimmingPool	1
1	393472	0	io:DimmableRGBLightIOComponent	DimmerRGBColouredLight	1	Light	1
1	393474	0	io:DimmableRGBLightIOComponent	DimmerRGBColouredLight	1	Light	1
1	393730	0	io:DimmableColorTemperatureLightIOComponent	DimmerColorTemperatureLight	1	Light	1
1	408064	0	io:OnOffLightIOComponent	StatefulOnOffLight	1	Light	1
1	408066	0	io:OnOffLightIOComponent	StatefulOnOffLight	1	Light	1
1	2199023663618	0	io:OnOffLightMicroModuleSomfyIOComponent	StatefulOnOffLight	1	Light	1
1	458752	0	io:GateOpenerIOComponent	PositionableGateWithPedestrianPosition	1	Gate	1
1	458754	0	io:GateOpenerIOComponent	PositionableGateWithPedestrianPosition	1	Gate	1
1	473600	0	io:SlidingDiscreteGateOpenerIOComponent	SlidingDiscreteGateWithPedestrianPosition	1	Gate	1
1	473602	0	io:SlidingDiscreteGateOpenerIOComponent	SlidingDiscreteGateWithPedestrianPosition	1	Gate	1
1	524288	0	io:RollingDoorOpenerIOComponent	PositionableGarageDoor	1	GarageDoor	1
1	524290	0	io:RollingDoorOpenerIOComponent	PositionableGarageDoor	1	GarageDoor	1
1	589824	0	io:DoorLockIOComponent	DoorLock	1	DoorLock	1
1	589826	0	io:DoorLockIOComponent	DoorLock	1	DoorLock	1
1	590080	0	io:WindowLockIOComponent	WindowLock	1	DoorLock	1
1	590090	0	io:WindowLockIOComponent	WindowLock	1	DoorLock	1
1	590336	1	io:CarLockIOComponent	CarLock	1	DoorLock	0
1	590336	2	io:CarButtonIODeviceSensor	CarButtonSensor	2	CarButtonSensor	0
1	590336	3	io:CarButtonIODeviceSensor	CarButtonSensor	2	CarButtonSensor	0
1	655360	0	io:VerticalInteriorBlindGenericIOComponent	PositionableScreen	1	Screen	1
1	655361	0	io:VerticalInteriorBlindVeluxIOComponent	PositionableTiltedScreen	1	Screen	1
1	655362	0	io:VerticalInteriorBlindGenericIOComponent	PositionableScreen	1	Screen	1
1	851968	0	io:DualRollerShutterIOComponent	PositionableDualRollerShutter	1	RollerShutter	1
1	917504	0	io:HeatingTemperatureInterfaceIOComponent	HeatingTemperatureInterface	1	HeatingSystem	1
1	983040	0	io:OnOffIOComponent	StatefulOnOff	1	OnOff	1
1	983552	0	io:SwitchMicroModuleIOComponent	TimedOnOff	1	OnOff	1
1	983554	0	io:LightMicroModuleSomfyIOComponent	TimedOnOffLight	1	Light	1
1	1048576	0	io:HorizontalAwningIOComponent	PositionableHorizontalAwning	1	Awning	1
1	1048832	0	io:PergolaRailGuidedAwningIOComponent	PergolaHorizontalAwning	1	Pergola	1
1	2199023648770	0	io:DimmableLightMicroModuleSomfyIOComponent	DimmerLight	1	Light	1
1	1048834	0	io:PergolaRailGuidedAwningIOComponent	PergolaHorizontalAwning	1	Pergola	1
1	1114112	0	io:ExteriorVenetianBlindIOComponent	PositionableExteriorVenetianBlind	1	ExteriorVenetianBlind	1
1	1179648	0	io:UnknownIOComponent	IOGeneric	1	Generic	1
1	1245184	0	io:UnknownIOComponent	IOGeneric	1	Generic	1
1	1310720	0	io:VentilationPointIOComponent	VentilationInlet	1	VentilationSystem	1
1	1310976	0	io:VentilationPointAirInletIOComponent	VentilationInlet	1	VentilationSystem	1
1	1311232	0	io:VentilationPointAirTransferIOComponent	VentilationTransfer	1	VentilationSystem	1
1	1311488	0	io:VentilationPointAirOutletIOComponent	VentilationOutlet	1	VentilationSystem	1
1	1376256	0	io:UnknownIOComponent	IOGeneric	1	Generic	1
1	1376258	0	io:ExteriorHeatingIOComponent	DimmerExteriorHeating	1	ExteriorHeatingSystem	1
1	1391106	0	io:DiscreteExteriorHeatingIOComponent	DiscreteExteriorHeating	1	ExteriorHeatingSystem	1
1	1441792	0	io:HeatPumpIOComponent	HeatPump	1	HeatPumpSystem	1
1	1442060	1	io:AtlanticPassAPCHeatPumpMainComponent	AtlanticPassAPCHeatPump	1	HeatingSystem	0
1	1442060	2	io:AtlanticPassAPCDHWComponent	AtlanticPassAPCDHW	1	WaterHeatingSystem	0
1	1442060	3	io:AtlanticPassAPCOutsideTemperatureSensor	TemperatureSensor	2	TemperatureSensor	0
1	1442060	4	io:TotalElectricalEnergyConsumptionSensor	CumulativeElectricPowerConsumptionSensor	2	ElectricitySensor	0
1	1442060	5	io:DHWRelatedElectricalEnergyConsumptionSensor	CumulativeElectricPowerConsumptionSensor	2	ElectricitySensor	0
1	1442060	6	io:HeatingRelatedElectricalEnergyConsumptionSensor	CumulativeElectricPowerConsumptionSensor	2	ElectricitySensor	0
1	1442060	7	io:CoolingRelatedElectricalEnergyConsumptionSensor	CumulativeElectricPowerConsumptionSensor	2	ElectricitySensor	0
1	1442060	8	io:AtlanticPassAPCHeatingAndCoolingZoneComponent	AtlanticPassAPCHeatingAndCoolingZone	1	HeatingSystem	0
1	1442060	9	io:AtlanticPassAPCZoneTemperatureSensor	TemperatureSensor	2	TemperatureSensor	0
1	1442060	10	io:AtlanticPassAPCHeatingAndCoolingZoneComponent	AtlanticPassAPCHeatingAndCoolingZone	1	HeatingSystem	0
1	1442060	11	io:AtlanticPassAPCZoneTemperatureSensor	TemperatureSensor	2	TemperatureSensor	0
1	1442316	1	io:AtlanticPassAPCBoilerMainComponent	AtlanticPassAPCBoiler	1	HeatingSystem	0
1	1442316	2	io:AtlanticPassAPCDHWComponent	AtlanticPassAPCDHW	1	WaterHeatingSystem	0
1	1442316	3	io:AtlanticPassAPCOutsideTemperatureSensor	TemperatureSensor	2	TemperatureSensor	0
1	1442316	4	io:TotalFossilEnergyConsumptionSensor	CumulativeFossilEnergyConsumptionSensor	2	ConsumptionSensor	0
1	1442316	5	io:DHWRelatedFossilEnergyConsumptionSensor	CumulativeFossilEnergyConsumptionSensor	2	ConsumptionSensor	0
1	1442316	6	io:HeatingRelatedFossilEnergyConsumptionSensor	CumulativeFossilEnergyConsumptionSensor	2	ConsumptionSensor	0
1	1442316	7	io:AtlanticPassAPCHeatingZoneComponent	AtlanticPassAPCHeatingZone	1	HeatingSystem	0
1	1442316	8	io:AtlanticPassAPCZoneTemperatureSensor	TemperatureSensor	2	TemperatureSensor	0
1	1442316	9	io:AtlanticPassAPCHeatingZoneComponent	AtlanticPassAPCHeatingZone	1	HeatingSystem	0
1	1442316	10	io:AtlanticPassAPCZoneTemperatureSensor	TemperatureSensor	2	TemperatureSensor	0
1	1507328	0	io:AlarmIOComponent	StatefulAlarmController	1	Alarm	1
1	1572864	0	io:UnknownIOComponent	IOGeneric	1	Generic	1
1	1572866	0	io:SwingingShutterSomfyIOComponent	SwingingShutter	1	SwingingShutter	1
1	1587714	0	io:DiscreteSwingingShutterSomfyIOComponent	SwingingShutter	1	SwingingShutter	1
1	1573120	0	io:UnknownIOComponent	IOGeneric	1	Generic	1
1	1769472	0	io:PositionableSlidingWindowComponent	PositionableSlidingWindow	1	Window	1
1	1769730	0	io:PositionableAndLockableSlidingWindowComponent	PositionableAndLockableSlidingWindow	1	Window	1
1	1835020	1	io:AtlanticPassAPCZoneControlMainComponent	AtlanticPassAPCZoneControl	1	HeatingSystem	0
1	1835020	2	io:AtlanticPassAPCZoneControlZoneComponent	AtlanticPassAPCHeatingAndCoolingZone	1	HeatingSystem	0
1	1835020	3	io:AtlanticPassAPCZoneTemperatureSensor	TemperatureSensor	2	TemperatureSensor	0
1	1835020	4	io:AtlanticPassAPCZoneControlZoneComponent	AtlanticPassAPCHeatingAndCoolingZone	1	HeatingSystem	0
1	1835020	5	io:AtlanticPassAPCZoneTemperatureSensor	TemperatureSensor	2	TemperatureSensor	0
1	1835020	6	io:AtlanticPassAPCZoneControlZoneComponent	AtlanticPassAPCHeatingAndCoolingZone	1	HeatingSystem	0
1	1835020	7	io:AtlanticPassAPCZoneTemperatureSensor	TemperatureSensor	2	TemperatureSensor	0
1	1835020	8	io:AtlanticPassAPCZoneControlZoneComponent	AtlanticPassAPCHeatingAndCoolingZone	1	HeatingSystem	0
1	1835020	9	io:AtlanticPassAPCZoneTemperatureSensor	TemperatureSensor	2	TemperatureSensor	0
1	1835020	10	io:AtlanticPassAPCZoneControlZoneComponent	AtlanticPassAPCHeatingAndCoolingZone	1	HeatingSystem	0
1	1835020	11	io:AtlanticPassAPCZoneTemperatureSensor	TemperatureSensor	2	TemperatureSensor	0
1	1835020	12	io:AtlanticPassAPCZoneControlZoneComponent	AtlanticPassAPCHeatingAndCoolingZone	1	HeatingSystem	0
1	1835020	13	io:AtlanticPassAPCZoneTemperatureSensor	TemperatureSensor	2	TemperatureSensor	0
1	1835020	14	io:AtlanticPassAPCZoneControlZoneComponent	AtlanticPassAPCHeatingAndCoolingZone	1	HeatingSystem	0
1	1835020	15	io:AtlanticPassAPCZoneTemperatureSensor	TemperatureSensor	2	TemperatureSensor	0
1	1835020	16	io:AtlanticPassAPCZoneControlZoneComponent	AtlanticPassAPCHeatingAndCoolingZone	1	HeatingSystem	0
1	1835020	17	io:AtlanticPassAPCZoneTemperatureSensor	TemperatureSensor	2	TemperatureSensor	0
1	1900544	0	io:BioclimaticPergolaIOComponent	BioclimaticPergola	1	Pergola	1
1	1900546	0	io:BioclimaticPergolaIOComponent	BioclimaticPergola	1	Pergola	1
1	1966080	0	io:SirenIOComponent	IOSiren	1	Siren	1
1	1966082	0	io:SomfyIndoorSimpleSirenIOComponent	IOSiren	1	Siren	1
1	3342348	1	io:AtlanticDomesticHotWaterProductionV2IOComponent	DomesticHotWaterProduction	1	WaterHeatingSystem	1
1	3342348	2	io:DHWCumulatedElectricalEnergyConsumptionIOSystemDeviceSensor	CumulativeElectricPowerConsumptionSensor	2	ElectricitySensor	1
1	3407872	0	io:ElectricalHeaterGenericIOComponent	ElectricalHeater	1	HeatingSystem	1
1	3407884	0	io:AtlanticElectricalHeaterIOComponent	AtlanticElectricalHeater	1	HeatingSystem	1
1	3408128	0	io:ElectricalHeaterWithAdjustableTemperatureSetpointGenericIOComponent	ElectricalHeaterWithAdjustableTemperatureSetpoint	1	HeatingSystem	0
1	3408140	1	io:AtlanticElectricalHeaterWithAdjustableTemperatureSetpointIOComponent	AtlanticElectricalHeaterWithAdjustableTemperatureSetpoint	1	HeatingSystem	0
1	3408140	2	io:TemperatureInCelciusIOSystemDeviceSensor	TemperatureSensor	2	TemperatureSensor	0
1	3408140	3	io:ContactIOSystemDeviceSensor	ContactSensor	2	ContactSensor	0
1	3408140	4	io:OccupancyIOSystemDeviceSensor	OccupancySensor	2	OccupancySensor	0
1	3408140	5	io:CumulatedElectricalEnergyConsumptionIOSystemDeviceSensor	CumulativeElectricPowerConsumptionSensor	2	ElectricitySensor	0
1	3473420	1	io:AtlanticHeatRecoveryVentilationIOComponent	AtlanticHeatRecoveryVentilation	1	VentilationSystem	1
1	3473420	2	io:CO2IOSystemDeviceSensor	CO2Sensor	2	AirSensor	1
1	3473420	3	io:TemperatureInCelciusIOSystemDeviceSensor	TemperatureSensor	2	TemperatureSensor	1
1	3473420	4	io:TemperatureInCelciusIOSystemDeviceSensor	TemperatureSensor	2	TemperatureSensor	1
1	3473420	5	io:TemperatureInCelciusIOSystemDeviceSensor	TemperatureSensor	2	TemperatureSensor	1
1	3473420	6	io:TemperatureInCelciusIOSystemDeviceSensor	TemperatureSensor	2	TemperatureSensor	1
1	3473420	7	io:TemperatureInCelciusIOSystemDeviceSensor	TemperatureSensor	2	TemperatureSensor	1
1	16711691	0	io:RSOverkizIOComponent	unknown	1	Generic	1
1	4295032832	0	io:LightIOSystemSensor	LuminanceSensor	2	LightSensor	1
1	4295098368	0	io:TemperatureIOSystemSensor	TemperatureSensor	2	TemperatureSensor	1
1	4295163904	0	io:TemperatureIOSystemSensor	TemperatureSensor	2	TemperatureSensor	1
1	4295229440	0	io:WindIOSystemSensor	WindSpeedSensor	2	WindSensor	1
1	4295360512	0	io:SunEnergyIOSystemSensor	SunEnergySensor	2	SunSensor	1
1	4295426048	0	io:RelativeHumidityIOSystemSensor	RelativeHumiditySensor	2	HumiditySensor	1
1	4295491584	0	io:RelativeHumidityIOSystemSensor	RelativeHumiditySensor	2	HumiditySensor	1
1	4295557120	0	io:CO2IOSystemSensor	CO2Sensor	2	AirSensor	1
1	4295622656	0	io:COIOSystemSensor	COSensor	2	AirSensor	1
1	4295688192	0	io:LightIOSystemSensor	LuminanceSensor	2	LightSensor	1
1	4295753728	1	io:GasHeaterConsumptionSensor	GasHeaterConsumptionSensor	2	GasSensor	1
1	4295753728	2	io:GasDHWConsumptionSensor	GasDHWConsumptionSensor	2	GasSensor	1
1	4295819264	0	io:CumulatedWaterConsumptionIOSystemSensor	CumulativeWaterConsumptionSensor	2	WaterSensor	1
1	4295884800	0	io:CumulatedThermalEnergyConsumptionIOSystemSensor	CumulativeThermalEnergyConsumptionSensor	2	ThermalEnergySensor	1
1	4295950336	0	io:CumulatedElectricalEnergyConsumptionIOSystemSensor	CumulativeElectricPowerConsumptionSensor	2	ElectricitySensor	1
1	4295950348	1	io:TotalElectricalEnergyConsumptionIOSystemSensor	CumulativeElectricPowerConsumptionSensor	2	ElectricitySensor	1
1	4295950348	2	io:HeatingElectricalEnergyConsumptionSensor	CumulativeElectricPowerConsumptionSensor	2	ElectricitySensor	1
1	4295950348	3	io:DHWElectricalEnergyConsumptionSensor	CumulativeElectricPowerConsumptionSensor	2	ElectricitySensor	1
1	4295950348	4	io:AirConditioningElectricalEnergyConsumptionSensor	CumulativeElectricPowerConsumptionSensor	2	ElectricitySensor	1
1	4295950348	5	io:PlugsElectricalEnergyConsumptionSensor	CumulativeElectricPowerConsumptionSensor	2	ElectricitySensor	1
1	4295950348	6	io:OtherElectricalEnergyConsumptionSensor	CumulativeElectricPowerConsumptionSensor	2	ElectricitySensor	1
1	4295950348	7	io:DomesticHotWaterTankComponent	DomesticHotWaterTank	1	WaterHeatingSystem	1
1	4295950348	8	io:ElectricityMeterComponent	AtlanticMultiMeterElectricSensor	1	ElectricitySensor	1
1	4295950348	9	io:EnergyConsumptionSensorsConfigurationComponent	AtlanticMultiMeterElectricConfiguration	1	ElectricitySensor	1
1	4295950348	10	io:EnergyConsumptionSensorsHeatPumpComponent	AtlanticMultiMeterElectricHeatPump	1	ElectricitySensor	1
1	4303355904	0	io:SmokeIOSystemSensor	SmokeSensor	2	SmokeSensor	1
1	4303355906	0	io:SomfySmokeIOSystemSensor	SmokeSensor	2	SmokeSensor	1
1	4303683584	0	io:ContactIOSystemSensor	ContactSensor	2	ContactSensor	1
1	4303683586	0	io:SomfyContactIOSystemSensor	ContactSensor	2	ContactSensor	1
1	4303749120	0	io:OccupancyIOSystemSensor	OccupancySensor	2	OccupancySensor	1
1	4303749122	0	io:SomfyOccupancyIOSystemSensor	OccupancySensor	2	OccupancySensor	1
1	4303880192	0	io:RainIOSystemSensor	RainSensor	2	RainSensor	1
1	4303880194	0	io:SomfyRainIOSystemSensor	RainSensor	2	RainSensor	1
1	4311613440	1	io:WindowStateSensor	IntrusionEventSensor	2	ContactSensor	1
1	4311613440	2	io:IntrusionSensor	IntrusionSensor	2	ContactSensor	1
1	1103823241218	1	io:WindowStateSensor	IntrusionEventSensor	2	ContactSensor	1
1	1103823241218	2	io:SomfyIDEOIIntrusionSensor	IntrusionSensor	2	ContactSensor	1
1	2203334868994	1	io:SlidingWindowStateSensor	IntrusionEventSensor	2	ContactSensor	1
1	2203334868994	2	io:SomfyIDEOIIntrusionSensor	IntrusionSensor	2	ContactSensor	1
1	4311678976	0	io:GenericPulseSensor	unknown	2	unknown	1
1	8656978944	0	io:StackComponent	IOStack	5	ProtocolGateway	1
1	21475622912	0	io:BeaconIOComponent	Repeater	6	NetworkComponent	1
1	25836847104	0	io:IORemoteController	RemoteControllerOneWay	4	RemoteController	1
1	25836847616	0	io:KeygoController	RemoteControllerOneWay	4	RemoteController	1
1	25836847872	0	io:IzymoController	RemoteControllerOneWay	4	RemoteController	1
1	1099511628043	1	io:KizOThermV2IOComponent	KizOThermV2Bridge	1	HeatingSystem	0
1	1099511628043	2	io:KizOThermRoomTemperatureSensor	TemperatureSensor	2	TemperatureSensor	0
1	1099511628043	3	io:KizOThermBoilerTemperatureSensor	TemperatureSensor	2	TemperatureSensor	0
1	1099511628043	4	io:KizOThermDHWTemperatureSensor	TemperatureSensor	2	TemperatureSensor	0
1	1099511628043	5	io:KizOThermOutsideTemperatureSensor	TemperatureSensor	2	TemperatureSensor	0
1	1099511758850	0	io:RollerShutterWithLowSpeedManagementIOComponent	PositionableRollerShutterWithLowSpeedManagement	1	RollerShutter	1
1	1099511759106	0	io:GradHermeticIOComponent	PositionableOrOrientableRollerShutter	1	AdjustableSlatsRollerShutter	1
1	1099511824386	0	io:PergolaScreenIOComponent	PositionableAndStretchablePergolaScreen	1	Pergola	1
1	1099511889922	0	io:WindowOpenerUnoIOComponent	PositionableWindowUno	1	Window	1
1	1099511970306	0	io:DiscreteGarageOpenerWithPartialPositionIOComponent	PositionableGarageDoorWithPartialPosition	1	GarageDoor	1
1	1099512020994	0	io:DimmableLightIOComponent	DimmerLight	1	Light	1
1	1099512021250	0	io:DimmableRGBLightIOComponent	DimmerRGBColouredLight	1	Light	1
1	1099512021506	0	io:DimmableColorTemperatureLightIOComponent	DimmerColorTemperatureLight	1	Light	1
1	1099512035842	0	io:OnOffLightIOComponent	StatefulOnOffLight	1	Light	1
1	1099512101378	0	io:SlidingDiscreteGateOpenerIOComponent	SlidingDiscreteGateWithPedestrianPosition	1	Gate	1
1	1099512217602	0	io:LockUnlockDoorLockWithUnknownPositionIOComponent	LockUnlockDoorLockWithUnknownPosition	1	DoorLock	1
1	1099512283138	0	io:VerticalInteriorBlindUnoIOComponent	PositionableScreenUno	1	Screen	1
1	1099512610818	0	io:CyclicStandardReceiverIOComponent	CyclicGeneric	1	Generic	1
1	1099512611330	0	io:SwitchMicroModuleSomfyIOComponent	TimedOnOff	1	OnOff	1
1	1099512676354	0	io:HorizontalAwningUnoIOComponent	PositionableHorizontalAwningUno	1	Awning	1
1	1099512676610	0	io:PergolaHorizontalUnoIOComponent	PergolaHorizontalAwningUno	1	Pergola	1
1	1099512741888	0	io:ExteriorVenetianBlindWithWPIOComponent	PositionableExteriorVenetianBlindWithWP	1	ExteriorVenetianBlind	1
1	1099512872962	0	io:CurtainTrackUnoIOComponent	CurtainTrackUno	1	Curtain	1
1	1099513004034	0	io:SimpleExteriorHeatingIOComponent	DimmerExteriorHeating	1	ExteriorHeatingSystem	1
1	1099513018882	0	io:DiscreteExteriorHeatingIOComponent	DiscreteExteriorHeating	1	ExteriorHeatingSystem	1
1	1099513069836	1	io:AtlanticPassAPCHeatPumpMainComponent	AtlanticPassAPCHeatPump	1	HeatingSystem	0
1	1099513069836	2	io:AtlanticPassAPCDHWComponent	AtlanticPassAPCDHW	1	WaterHeatingSystem	0
1	1099513069836	3	io:AtlanticPassAPCOutsideTemperatureSensor	TemperatureSensor	2	TemperatureSensor	0
1	1099513069836	4	io:TotalElectricalEnergyConsumptionSensor	CumulativeElectricPowerConsumptionSensor	2	ElectricitySensor	0
1	1099513069836	5	io:DHWRelatedElectricalEnergyConsumptionSensor	CumulativeElectricPowerConsumptionSensor	2	ElectricitySensor	0
1	1099513069836	6	io:HeatingRelatedElectricalEnergyConsumptionSensor	CumulativeElectricPowerConsumptionSensor	2	ElectricitySensor	0
1	1099513069836	7	io:CoolingRelatedElectricalEnergyConsumptionSensor	CumulativeElectricPowerConsumptionSensor	2	ElectricitySensor	0
1	1099513069836	8	io:AtlanticPassAPCHeatingAndCoolingZoneComponent	AtlanticPassAPCHeatingAndCoolingZone	1	HeatingSystem	0
1	1099513069836	9	io:AtlanticPassAPCZoneTemperatureSensor	TemperatureSensor	2	TemperatureSensor	0
1	1099513069836	10	io:AtlanticPassAPCHeatingAndCoolingZoneComponent	AtlanticPassAPCHeatingAndCoolingZone	1	HeatingSystem	0
1	1099513069836	11	io:AtlanticPassAPCZoneTemperatureSensor	TemperatureSensor	2	TemperatureSensor	0
1	1099513069836	12	io:AtlanticPassAPCHeatingFossilEnergyConsumptionSensor	CumulativeFossilEnergyConsumptionSensor	2	ConsumptionSensor	0
1	1099513069836	13	io:AtlanticPassAPCECSFossilEnergyConsumptionSensor	CumulativeFossilEnergyConsumptionSensor	2	ConsumptionSensor	0
1	1099513069836	14	io:AtlanticPassAPCTotalFossilEnergyConsumptionSensor	CumulativeFossilEnergyConsumptionSensor	2	ConsumptionSensor	0
1	1099513397506	0	io:PositionableAndLockableSlidingWindowComponent	PositionableAndLockableSlidingWindow	1	Window	1
1	1099513528322	0	io:SimpleBioclimaticPergolaIOComponent	BioclimaticPergola	1	Pergola	1
1	2199025156098	0	io:SimpleBioclimaticPergolaIOComponent	BioclimaticPergola	1	Pergola	1
1	1099514970124	1	io:AtlanticDomesticHotWaterProductionIOComponent	DomesticHotWaterProduction	1	WaterHeatingSystem	1
1	1099514970124	2	io:DHWCumulatedElectricalEnergyConsumptionIOSystemDeviceSensor	CumulativeElectricPowerConsumptionSensor	2	ElectricitySensor	1
1	1099515035916	1	io:AtlanticElectricalTowelDryerIOComponent	AtlanticElectricalTowelDryer	1	HeatingSystem	0
1	1099515035916	2	io:OccupancyIOSystemDeviceSensor	OccupancySensor	2	OccupancySensor	0
1	1099515035916	3	io:LightIOSystemDeviceSensor	LuminanceSensor	2	LightSensor	0
1	1099515035916	4	io:RelativeHumidityIOSystemDeviceSensor	RelativeHumiditySensor	2	HumiditySensor	0
1	1099515035916	5	io:TemperatureInCelciusIOSystemDeviceSensor	TemperatureSensor	2	TemperatureSensor	0
1	1099515035916	6	io:CumulatedElectricalEnergyConsumptionIOSystemDeviceSensor	CumulativeElectricPowerConsumptionSensor	2	ElectricitySensor	0
1	1099515035916	7	io:TemperatureInCelciusIOSystemDeviceSensor	TemperatureSensor	2	TemperatureSensor	0
1	1103806726146	1	io:HeatingValveIOComponent	ValveHeatingTemperatureInterface	1	HeatingSystem	1
1	1103806726146	2	io:TemperatureIOSystemSensor	TemperatureSensor	2	TemperatureSensor	1
1	1103815311362	0	io:SomfyBasicContactIOSystemSensor	ContactSensor	2	ContactSensor	1
1	2199023386626	0	io:RollerShutterWithLowSpeedManagementIOComponent	PositionableRollerShutterWithLowSpeedManagement	1	RollerShutter	1
1	2199023386882	0	io:VRHollaIOComponent	PositionableOrProgressiveOrientableRollerShutter	1	AdjustableSlatsRollerShutter	1
1	2199023452162	0	io:VerticalExteriorAwningUnoIOComponent	PositionableScreenUno	1	ExteriorScreen	1
1	2199023598082	0	io:DiscreteGarageOpenerIOComponent	DiscretePositionableGarageDoor	1	GarageDoor	1
1	2199023729154	0	io:SlidingDiscreteGateOpenerIOComponent	SlidingDiscreteGateWithPedestrianPosition	1	Gate	1
1	2199023910914	0	io:VerticalInteriorBlindGenericIOComponent	PositionableScreen	1	Screen	1
1	2199024304130	0	io:AwningReceiverUnoIOComponent	PositionableHorizontalAwningUno	1	Awning	1
1	2199024304386	0	io:PergolaRailGuidedAwningIOComponent	PergolaHorizontalAwning	1	Pergola	1
1	2199024369666	0	io:ExteriorVenetianBlindUnoIOComponent	PositionableExteriorVenetianBlindUno	1	ExteriorVenetianBlind	1
1	2199026597900	1	io:AtlanticDomesticHotWaterProductionV3IOComponent	DomesticHotWaterProduction	1	WaterHeatingSystem	1
1	2199026597900	2	io:DHWCumulatedElectricalEnergyConsumptionIOSystemDeviceSensor	CumulativeElectricPowerConsumptionSensor	2	ElectricitySensor	1
1	2199026663692	1	io:AtlanticElectricalHeaterWithAdjustableTemperatureSetpointIOComponent	AtlanticElectricalHeaterWithAdjustableTemperatureSetpoint	1	HeatingSystem	0
1	2199026663692	2	io:TemperatureInCelciusIOSystemDeviceSensor	TemperatureSensor	2	TemperatureSensor	0
1	2199026663692	3	io:ContactIOSystemDeviceSensor	ContactSensor	2	ContactSensor	0
1	2199026663692	4	io:OccupancyIOSystemDeviceSensor	OccupancySensor	2	OccupancySensor	0
1	2199026663692	5	io:CumulatedElectricalEnergyConsumptionIOSystemDeviceSensor	CumulativeElectricPowerConsumptionSensor	2	ElectricitySensor	0
1	2203318353922	1	io:HeatingThermostatIOComponent	ThermostatHeatingTemperatureInterface	1	HeatingSystem	1
1	2203318353922	2	io:TemperatureIOSystemSensor	TemperatureSensor	2	TemperatureSensor	1
1	2203318353922	3	io:RelativeHumidityIOSystemSensor	RelativeHumiditySensor	2	HumiditySensor	1
1	3298535014402	0	io:RollerShutterUnoIOComponent	PositionableRollerShutterUno	1	RollerShutter	1
1	3298535079938	0	io:PergolaSideScreenIOComponent	PergolaSideScreen	1	Pergola	1
1	3298535225858	0	io:DiscreteGarageOpenerWithPartialPositionIOComponent	PositionableGarageDoorWithPartialPosition	1	GarageDoor	1
1	3298535356930	0	io:SlidingDiscreteGateOpenerIOComponent	SlidingDiscreteGateWithPedestrianPosition	1	Gate	1
1	3298535538690	0	io:VerticalInteriorBlindGenericIOComponent	PositionableScreen	1	Screen	1
1	3298535931906	0	io:HorizontalAwningIOComponent	PositionableHorizontalAwning	1	Awning	1
1	3298535997442	0	io:ExteriorVenetianBlindWithWP2IOComponent	PositionableExteriorVenetianBlindWithWP2	1	ExteriorVenetianBlind	1
1	3298538225676	1	io:AtlanticDomesticHotWaterProductionV2_AEX_IOComponent	DomesticHotWaterProduction	1	WaterHeatingSystem	1
1	3298538225676	2	io:DHWCumulatedElectricalEnergyConsumptionIOSystemDeviceSensor	CumulativeElectricPowerConsumptionSensor	2	ElectricitySensor	1
1	3298538291468	1	io:AtlanticElectricalHeaterWithAdjustableTemperatureSetpointIOComponent	AtlanticElectricalHeaterWithAdjustableTemperatureSetpoint	1	HeatingSystem	0
1	3298538291468	2	io:TemperatureInCelciusIOSystemDeviceSensor	TemperatureSensor	2	TemperatureSensor	0
1	3298538291468	3	io:ContactIOSystemDeviceSensor	ContactSensor	2	ContactSensor	0
1	3298538291468	4	io:OccupancyIOSystemDeviceSensor	OccupancySensor	2	OccupancySensor	0
1	3298538291468	5	io:CumulatedElectricalEnergyConsumptionIOSystemDeviceSensor	CumulativeElectricPowerConsumptionSensor	2	ElectricitySensor	0
1	3298538291468	6	io:AtlanticDimmableLightIOComponent	DimmerLight	1	Light	0
1	4398046642178	0	io:RollerShutterUnoIOComponent	PositionableRollerShutterUno	1	RollerShutter	1
1	4398046707714	0	io:DropArmAwningIOComponent	DropArmAwning	1	Awning	1
1	4398046853634	0	io:DiscreteGarageOpenerWithPartialPositionIOComponent	PositionableGarageDoorWithPartialPosition	1	GarageDoor	1
1	4398046984706	0	io:SlidingDiscreteGateOpenerIOComponent	SlidingDiscreteGateWithPedestrianPosition	1	Gate	1
1	4398047166466	0	io:VerticalInteriorBlindGenericIOComponent	PositionableScreen	1	Screen	1
1	4398047559682	0	io:HorizontalAwningIOComponent	PositionableHorizontalAwning	1	Awning	1
1	4398049853452	1	io:AtlanticDomesticHotWaterProductionV2_MURAL_IOComponent	DomesticHotWaterProduction	1	WaterHeatingSystem	1
1	4398049853452	2	io:DHWCumulatedElectricalEnergyConsumptionIOSystemDeviceSensor	CumulativeElectricPowerConsumptionSensor	2	ElectricitySensor	1
1	4398049919244	1	io:AtlanticElectricalTowelDryer_IC3_IOComponent	AtlanticElectricalTowelDryer	1	HeatingSystem	0
1	4398049919244	2	io:OccupancyIOSystemDeviceSensor	OccupancySensor	2	OccupancySensor	0
1	4398049919244	3	io:LightIOSystemDeviceSensor	LuminanceSensor	2	LightSensor	0
1	4398049919244	4	io:RelativeHumidityIOSystemDeviceSensor	RelativeHumiditySensor	2	HumiditySensor	0
1	4398049919244	5	io:TemperatureInCelciusIOSystemDeviceSensor	TemperatureSensor	2	TemperatureSensor	0
1	4398049919244	6	io:CumulatedElectricalEnergyConsumptionIOSystemDeviceSensor	CumulativeElectricPowerConsumptionSensor	2	ElectricitySensor	0
1	4398049919244	7	io:TemperatureInCelciusIOSystemDeviceSensor	TemperatureSensor	2	TemperatureSensor	0
1	4398049919244	8	core:WeatherSystemSensor	WeatherForecastSensor	2	WeatherSensor	0
1	5497558269954	0	io:RollerShutterGenericIOComponent	PositionableRollerShutter	1	RollerShutter	1
1	5497558335490	0	io:AwningValanceIOComponent	AwningValance	1	Awning	1
1	5497558481410	0	io:DiscreteGarageOpenerWithPartialPositionIOComponent	PositionableGarageDoorWithPartialPosition	1	GarageDoor	1
1	5497558612482	0	io:SlidingDiscreteGateOpenerIOComponent	SlidingDiscreteGateWithPedestrianPosition	1	Gate	1
1	5497558794242	0	io:VerticalInteriorBlindWithBatterySomfyIOComponent	PositionableScreen	1	Screen	1
1	5497559187458	0	io:HorizontalAwningIOComponent	PositionableHorizontalAwning	1	Awning	1
1	5497561481228	1	io:AtlanticDomesticHotWaterProductionV2_SPLIT_IOComponent	DomesticHotWaterProduction	1	WaterHeatingSystem	1
1	5497561481228	2	io:DHWCumulatedElectricalEnergyConsumptionIOSystemDeviceSensor	CumulativeElectricPowerConsumptionSensor	2	ElectricitySensor	1
1	5497561547020	1	io:AtlanticElectricalHeaterWithAdjustableTemperatureSetpointIOComponent	AtlanticElectricalHeaterWithAdjustableTemperatureSetpoint	1	HeatingSystem	0
1	5497561547020	2	io:TemperatureInCelciusIOSystemDeviceSensor	TemperatureSensor	2	TemperatureSensor	0
1	5497561547020	3	io:ContactIOSystemDeviceSensor	ContactSensor	2	ContactSensor	0
1	5497561547020	4	io:OccupancyIOSystemDeviceSensor	OccupancySensor	2	OccupancySensor	0
1	5497561547020	5	io:CumulatedElectricalEnergyConsumptionIOSystemDeviceSensor	CumulativeElectricPowerConsumptionSensor	2	ElectricitySensor	0
1	6597069897730	0	io:RollerShutterGenericIOComponent	PositionableRollerShutter	1	RollerShutter	1
1	14293651292162	0	io:RollerShutterWithBatterySomfyIOComponent	PositionableRollerShutter	1	RollerShutter	1
1	6597069963266	0	io:ScreenReceiverUnoIOComponent	PositionableScreenUno	1	ExteriorScreen	1
1	6597070109186	0	io:DiscreteGarageOpenerIOComponent	DiscretePositionableGarageDoor	1	GarageDoor	1
1	6597070240258	0	io:SlidingDiscreteFullyPedestriableGateOpenerIOComponent	SlidingDiscreteGateWithPedestrianPosition	1	Gate	1
1	6597073109004	1	io:AtlanticDomesticHotWaterProductionV2_TEC5_IOComponent	DomesticHotWaterProduction	1	WaterHeatingSystem	1
1	6597073109004	2	io:DHWCumulatedElectricalEnergyConsumptionIOSystemDeviceSensor	CumulativeElectricPowerConsumptionSensor	2	ElectricitySensor	1
1	7696581525506	0	io:RollerShutterGenericIOComponent	PositionableRollerShutter	1	RollerShutter	1
1	7696581591042	0	io:VerticalExteriorAwningIOComponent	PositionableScreen	1	ExteriorScreen	1
1	7696581868034	0	io:SlidingDiscreteFullyPedestriableGateOpenerIOComponent	SlidingDiscreteGateWithPedestrianPosition	1	Gate	1
1	7696584736780	1	io:AtlanticDomesticHotWaterProductionV2_CE_FLAT_C2_IOComponent	DomesticHotWaterProduction	1	WaterHeatingSystem	1
1	7696584736780	2	io:DHWCumulatedElectricalEnergyConsumptionIOSystemDeviceSensor	CumulativeElectricPowerConsumptionSensor	2	ElectricitySensor	1
1	8796093153282	0	io:RollerShutterGenericIOComponent	PositionableRollerShutter	1	RollerShutter	1
1	8796093218818	0	io:VerticalExteriorAwningIOComponent	PositionableScreen	1	ExteriorScreen	1
1	8796096364556	1	io:AtlanticDomesticHotWaterProductionV2_CE_S4_IOComponent	DomesticHotWaterProduction	1	WaterHeatingSystem	1
1	8796096364556	2	io:DHWCumulatedElectricalEnergyConsumptionIOSystemDeviceSensor	CumulativeElectricPowerConsumptionSensor	2	ElectricitySensor	1
1	9895604781058	0	io:MicroModuleRollerShutterSomfyIOComponent	PositionableRollerShutter	1	RollerShutter	1
1	9895604846594	0	io:VerticalExteriorAwningIOComponent	PositionableScreen	1	ExteriorScreen	1
1	9895607992332	1	io:AtlanticDomesticHotWaterProductionV2_CETHI_V4_IOComponent	DomesticHotWaterProduction	1	WaterHeatingSystem	1
1	9895607992332	2	io:DHWCumulatedElectricalEnergyConsumptionIOSystemDeviceSensor	CumulativeElectricPowerConsumptionSensor	2	ElectricitySensor	1
1	10995116408834	0	io:RollerShutterWithLowSpeedManagementIOComponent	PositionableRollerShutterWithLowSpeedManagement	1	RollerShutter	1
1	10995116474370	0	io:VerticalExteriorAwningIOComponent	PositionableScreen	1	ExteriorScreen	1
1	10995119620108	1	io:AtlanticDomesticHotWaterProductionV2_CV4E_IOComponent	DomesticHotWaterProduction	1	WaterHeatingSystem	1
1	10995119620108	2	io:DHWCumulatedElectricalEnergyConsumptionIOSystemDeviceSensor	CumulativeElectricPowerConsumptionSensor	2	ElectricitySensor	1
1	12094628036610	0	io:RollerShutterGenericIOComponent	PositionableRollerShutter	1	RollerShutter	1
1	12094628102146	0	io:VerticalExteriorAwningIOComponent	PositionableScreen	1	ExteriorScreen	1
1	13194139664386	0	io:RollerShutterGenericIOComponent	PositionableRollerShutter	1	RollerShutter	1
1	17592187158530	0	io:ExteriorVenetianBlindIOComponent	PositionableExteriorVenetianBlind	1	ExteriorVenetianBlind	1
1	18691698786306	0	io:ExteriorVenetianBlindWithWPIOComponent	PositionableExteriorVenetianBlindWithWP	1	ExteriorVenetianBlind	1
1	20890722041858	0	io:ExteriorVenetianBlindWithWP2IOComponent	PositionableExteriorVenetianBlindWithWP2	1	ExteriorVenetianBlind	1
1	35184373202946	0	io:ExteriorVenetianBlindIOComponent	PositionableExteriorVenetianBlind	1	ExteriorVenetianBlind	1
1	36283884830722	0	io:ExteriorVenetianBlindWithWPIOComponent	PositionableExteriorVenetianBlindWithWP	1	ExteriorVenetianBlind	1
1	38482908086274	0	io:ExteriorVenetianBlindWithWP2IOComponent	PositionableExteriorVenetianBlindWithWP2	1	ExteriorVenetianBlind	1
1	52776559247362	0	io:ExteriorVenetianBlindIOComponent	PositionableExteriorVenetianBlind	1	ExteriorVenetianBlind	1
1	53876070875138	0	io:ExteriorVenetianBlindWithWPIOComponent	PositionableExteriorVenetianBlindWithWP	1	ExteriorVenetianBlind	1
1	56075094130690	0	io:ExteriorVenetianBlindWithWP2IOComponent	PositionableExteriorVenetianBlindWithWP2	1	ExteriorVenetianBlind	1
1	25836848128	0	io:GenericOneWayController	RemoteControllerOneWay	4	RemoteController	1
1	25836848384	0	io:V500Controller	RemoteControllerOneWay	4	RemoteController	1
